{"cameraMode":{"drawMode":0,"name":"Shaded","section":"Shading Mode"},"sceneLighting":false,"audioPlay":false,"sceneViewState":{"showFog":true,"showMaterialUpdate":false,"showSkybox":true,"showFlares":true,"showImageEffects":true,"showParticleSystems":true},"in2DMode":false,"pivot":{"x":1.0316497087478638,"y":3.820496082305908,"z":110.85682678222656},"rotation":{"x":0.1348908692598343,"y":0.8586325645446777,"z":-0.28817880153656008,"w":0.4019245207309723},"size":2.7510745525360109,"orthographic":false}