{"cameraMode":{"drawMode":0,"name":"Shaded","section":"Shading Mode"},"sceneLighting":false,"audioPlay":false,"sceneViewState":{"showFog":true,"showMaterialUpdate":false,"showSkybox":true,"showFlares":true,"showImageEffects":true,"showParticleSystems":true},"in2DMode":false,"pivot":{"x":9.53101921081543,"y":-1.0276108980178834,"z":134.66380310058595},"rotation":{"x":-0.018555153161287309,"y":0.857928454875946,"z":0.031062733381986619,"w":0.5125038623809815},"size":10.365612983703614,"orthographic":false}