{"cameraMode":{"drawMode":0,"name":"Shaded","section":"Shading Mode"},"sceneLighting":false,"audioPlay":false,"sceneViewState":{"showFog":true,"showMaterialUpdate":false,"showSkybox":true,"showFlares":true,"showImageEffects":true,"showParticleSystems":true},"in2DMode":false,"pivot":{"x":1.0648454427719117,"y":5.320950508117676,"z":109.64488220214844},"rotation":{"x":0.0007841357146389782,"y":0.9827926754951477,"z":-0.18474340438842774,"w":0.004228583071380854},"size":2.7510745525360109,"orthographic":false}